CMD_DOOR_ACK;3;C:\DEV\15986_PORTALP_RS_installer_app\android\portalpcomlibrary\src\main\java\com\portalp\com_library\ble\enums\Command.java;C:\DEV\15986_PORTALP_RS_installer_app\android\portalpcomlibrary\src\main\java\com\portalp\com_library\ble\DoorService.java;C:\DEV\15986_PORTALP_RS_installer_app\android\portalpcomlibrary\src\main\java\com\portalp\com_library\ble\protocol\BleMessage.java;;;
CMD_PERIPH_ACK;1;C:\DEV\15986_PORTALP_RS_installer_app\android\portalpcomlibrary\src\main\java\com\portalp\com_library\ble\enums\Command.java;;;;;
MODULE_ACK;4;C:\DEV\15986_PORTALP_RS_installer_app\android\portalpcomlibrary\src\main\java\com\portalp\com_library\ble\enums\Command.java;C:\DEV\15986_PORTALP_RS_installer_app\android\portalpcomlibrary\src\main\java\com\portalp\com_library\ble\exceptions\DoorServiceException.java;C:\DEV\15986_PORTALP_RS_installer_app\android\portalpcomlibrary\src\main\java\com\portalp\com_library\ble\BleDoorService.java;C:\DEV\15986_PORTALP_RS_installer_app\android\portalpcomlibrary\src\main\java\com\portalp\com_library\ble\protocol\BleMessage.java;;
INFO_DOOR_CNT;1;C:\DEV\15986_PORTALP_RS_installer_app\android\portalpcomlibrary\src\main\java\com\portalp\com_library\ble\enums\Command.java;;;;;
INFO_DOOR_REQ;1;C:\DEV\15986_PORTALP_RS_installer_app\android\portalpcomlibrary\src\main\java\com\portalp\com_library\ble\enums\Command.java;;;;;
LEARN_STATE_DOOR_ACK;3;C:\DEV\15986_PORTALP_RS_installer_app\android\portalpcomlibrary\src\main\java\com\portalp\com_library\ble\enums\Command.java;C:\DEV\15986_PORTALP_RS_installer_app\android\portalpcomlibrary\src\main\java\com\portalp\com_library\ble\BleDoorService.java;C:\DEV\15986_PORTALP_RS_installer_app\android\portalpcomlibrary\src\main\java\com\portalp\com_library\ble\protocol\BleMessage.java;;;
LEARN_STATE_DOOR_CMD;2;C:\DEV\15986_PORTALP_RS_installer_app\android\portalpcomlibrary\src\main\java\com\portalp\com_library\ble\enums\Command.java;C:\DEV\15986_PORTALP_RS_installer_app\android\portalpcomlibrary\src\main\java\com\portalp\com_library\ble\BleDoorService.java;;;;
STATUS_DOOR_CNT;3;C:\DEV\15986_PORTALP_RS_installer_app\android\portalpcomlibrary\src\main\java\com\portalp\com_library\ble\enums\Command.java;C:\DEV\15986_PORTALP_RS_installer_app\android\portalpcomlibrary\src\main\java\com\portalp\com_library\ble\BleDoorService.java;C:\DEV\15986_PORTALP_RS_installer_app\android\portalpcomlibrary\src\main\java\com\portalp\com_library\ble\protocol\BleMessage.java;;;
STATUS_DOOR_REQ;2;C:\DEV\15986_PORTALP_RS_installer_app\android\portalpcomlibrary\src\main\java\com\portalp\com_library\ble\enums\Command.java;C:\DEV\15986_PORTALP_RS_installer_app\android\portalpcomlibrary\src\main\java\com\portalp\com_library\model\settings\VersionNumber.java;;;;
STATUS_DOOR_EXTENDED_CNT;3;C:\DEV\15986_PORTALP_RS_installer_app\android\portalpcomlibrary\src\main\java\com\portalp\com_library\ble\enums\Command.java;C:\DEV\15986_PORTALP_RS_installer_app\android\portalpcomlibrary\src\main\java\com\portalp\com_library\ble\BleDoorService.java;C:\DEV\15986_PORTALP_RS_installer_app\android\portalpcomlibrary\src\main\java\com\portalp\com_library\ble\protocol\BleMessage.java;;;
STATUS_DOOR_EXTENDED_REQ;2;C:\DEV\15986_PORTALP_RS_installer_app\android\portalpcomlibrary\src\main\java\com\portalp\com_library\ble\enums\Command.java;C:\DEV\15986_PORTALP_RS_installer_app\android\portalpcomlibrary\src\main\java\com\portalp\com_library\model\settings\VersionNumber.java;;;;
STATUS_DOOR_EXTENDED_BL_CNT;3;C:\DEV\15986_PORTALP_RS_installer_app\android\portalpcomlibrary\src\main\java\com\portalp\com_library\ble\enums\Command.java;C:\DEV\15986_PORTALP_RS_installer_app\android\portalpcomlibrary\src\main\java\com\portalp\com_library\ble\BleDoorService.java;C:\DEV\15986_PORTALP_RS_installer_app\android\portalpcomlibrary\src\main\java\com\portalp\com_library\ble\protocol\BleMessage.java;;;
STATUS_DOOR_EXTENDED_BL_REQ;2;C:\DEV\15986_PORTALP_RS_installer_app\android\portalpcomlibrary\src\main\java\com\portalp\com_library\ble\enums\Command.java;C:\DEV\15986_PORTALP_RS_installer_app\android\portalpcomlibrary\src\main\java\com\portalp\com_library\model\settings\VersionNumber.java;;;;
LABEL_DOOR_CMD;1;C:\DEV\15986_PORTALP_RS_installer_app\android\portalpcomlibrary\src\main\java\com\portalp\com_library\ble\enums\Command.java;;;;;
OPEN_DOOR_CMD;2;C:\DEV\15986_PORTALP_RS_installer_app\android\portalpcomlibrary\src\main\java\com\portalp\com_library\ble\enums\Command.java;C:\DEV\15986_PORTALP_RS_installer_app\android\portalpcomlibrary\src\main\java\com\portalp\com_library\ble\BleDoorService.java;;;;
INT_OPEN_DOOR_CMD;1;C:\DEV\15986_PORTALP_RS_installer_app\android\portalpcomlibrary\src\main\java\com\portalp\com_library\ble\enums\Command.java;;;;;
EXT_OPEN_DOOR_CMD;1;C:\DEV\15986_PORTALP_RS_installer_app\android\portalpcomlibrary\src\main\java\com\portalp\com_library\ble\enums\Command.java;;;;;
PO_DOOR_CMD;2;C:\DEV\15986_PORTALP_RS_installer_app\android\portalpcomlibrary\src\main\java\com\portalp\com_library\ble\enums\Command.java;C:\DEV\15986_PORTALP_RS_installer_app\android\portalpcomlibrary\src\main\java\com\portalp\com_library\ble\BleDoorService.java;;;;
INT_PO_DOOR_CMD;1;C:\DEV\15986_PORTALP_RS_installer_app\android\portalpcomlibrary\src\main\java\com\portalp\com_library\ble\enums\Command.java;;;;;
EXT_PO_DOOR_CMD;1;C:\DEV\15986_PORTALP_RS_installer_app\android\portalpcomlibrary\src\main\java\com\portalp\com_library\ble\enums\Command.java;;;;;
PMR_DOOR_CMD;1;C:\DEV\15986_PORTALP_RS_installer_app\android\portalpcomlibrary\src\main\java\com\portalp\com_library\ble\enums\Command.java;;;;;
INT_PMR_DOOR_CMD;1;C:\DEV\15986_PORTALP_RS_installer_app\android\portalpcomlibrary\src\main\java\com\portalp\com_library\ble\enums\Command.java;;;;;
EXT_PMR_DOOR_CMD;1;C:\DEV\15986_PORTALP_RS_installer_app\android\portalpcomlibrary\src\main\java\com\portalp\com_library\ble\enums\Command.java;;;;;
OP_OPEN_DOOR_CMD;2;C:\DEV\15986_PORTALP_RS_installer_app\android\portalpcomlibrary\src\main\java\com\portalp\com_library\ble\enums\Command.java;C:\DEV\15986_PORTALP_RS_installer_app\android\portalpcomlibrary\src\main\java\com\portalp\com_library\ble\BleDoorService.java;;;;
GAP_OPEN_DOOR_CMD;2;C:\DEV\15986_PORTALP_RS_installer_app\android\portalpcomlibrary\src\main\java\com\portalp\com_library\ble\enums\Command.java;C:\DEV\15986_PORTALP_RS_installer_app\android\portalpcomlibrary\src\main\java\com\portalp\com_library\ble\BleDoorService.java;;;;
INT_OPEN_SAFETY_CNT;1;C:\DEV\15986_PORTALP_RS_installer_app\android\portalpcomlibrary\src\main\java\com\portalp\com_library\ble\enums\Command.java;;;;;
EXT_OPEN_SAFETY_CNT;1;C:\DEV\15986_PORTALP_RS_installer_app\android\portalpcomlibrary\src\main\java\com\portalp\com_library\ble\enums\Command.java;;;;;
INT_CLOSE_SAFETY_CNT;1;C:\DEV\15986_PORTALP_RS_installer_app\android\portalpcomlibrary\src\main\java\com\portalp\com_library\ble\enums\Command.java;;;;;
EXT_CLOSE_SAFETY_CNT;1;C:\DEV\15986_PORTALP_RS_installer_app\android\portalpcomlibrary\src\main\java\com\portalp\com_library\ble\enums\Command.java;;;;;
API_DOOR_CMD;1;C:\DEV\15986_PORTALP_RS_installer_app\android\portalpcomlibrary\src\main\java\com\portalp\com_library\ble\enums\Command.java;;;;;
FP_DOOR_CMD;1;C:\DEV\15986_PORTALP_RS_installer_app\android\portalpcomlibrary\src\main\java\com\portalp\com_library\ble\enums\Command.java;;;;;
FP_VM_DOOR_CMD;1;C:\DEV\15986_PORTALP_RS_installer_app\android\portalpcomlibrary\src\main\java\com\portalp\com_library\ble\enums\Command.java;;;;;
FP_R_DOOR_CMD;1;C:\DEV\15986_PORTALP_RS_installer_app\android\portalpcomlibrary\src\main\java\com\portalp\com_library\ble\enums\Command.java;;;;;
DOORBELL_CNT;1;C:\DEV\15986_PORTALP_RS_installer_app\android\portalpcomlibrary\src\main\java\com\portalp\com_library\ble\enums\Command.java;;;;;
EXT_DOORBELL_CNT;1;C:\DEV\15986_PORTALP_RS_installer_app\android\portalpcomlibrary\src\main\java\com\portalp\com_library\ble\enums\Command.java;;;;;
INT_DOORBELL_CNT;1;C:\DEV\15986_PORTALP_RS_installer_app\android\portalpcomlibrary\src\main\java\com\portalp\com_library\ble\enums\Command.java;;;;;
DEADMAN_OPEN_DOOR_CMD;1;C:\DEV\15986_PORTALP_RS_installer_app\android\portalpcomlibrary\src\main\java\com\portalp\com_library\ble\enums\Command.java;;;;;
DEADMAN_CLOSE_DOOR_CMD;1;C:\DEV\15986_PORTALP_RS_installer_app\android\portalpcomlibrary\src\main\java\com\portalp\com_library\ble\enums\Command.java;;;;;
O_SEQUENCED_DOOR_CMD;1;C:\DEV\15986_PORTALP_RS_installer_app\android\portalpcomlibrary\src\main\java\com\portalp\com_library\ble\enums\Command.java;;;;;
PO_SEQUENCED_DOOR_CMD;1;C:\DEV\15986_PORTALP_RS_installer_app\android\portalpcomlibrary\src\main\java\com\portalp\com_library\ble\enums\Command.java;;;;;
CMD_CALENDAR_ACK;4;C:\DEV\15986_PORTALP_RS_installer_app\android\portalpcomlibrary\src\main\java\com\portalp\com_library\ble\enums\Command.java;C:\DEV\15986_PORTALP_RS_installer_app\android\portalpcomlibrary\src\main\java\com\portalp\com_library\model\calendar\CalendarRTCManager.java;C:\DEV\15986_PORTALP_RS_installer_app\android\portalpcomlibrary\src\main\java\com\portalp\com_library\model\settings\VersionNumber.java;C:\DEV\15986_PORTALP_RS_installer_app\android\portalpcomlibrary\src\main\java\com\portalp\com_library\ble\BleDoorService.java;;
AUX_DOOR_CMD;2;C:\DEV\15986_PORTALP_RS_installer_app\android\portalpcomlibrary\src\main\java\com\portalp\com_library\ble\enums\Command.java;C:\DEV\15986_PORTALP_RS_installer_app\android\portalpcomlibrary\src\main\java\com\portalp\com_library\ble\BleDoorService.java;;;;
AUXF_DOOR_CMD;2;C:\DEV\15986_PORTALP_RS_installer_app\android\portalpcomlibrary\src\main\java\com\portalp\com_library\ble\enums\Command.java;C:\DEV\15986_PORTALP_RS_installer_app\android\portalpcomlibrary\src\main\java\com\portalp\com_library\ble\BleDoorService.java;;;;
AUXO_DOOR_CMD;2;C:\DEV\15986_PORTALP_RS_installer_app\android\portalpcomlibrary\src\main\java\com\portalp\com_library\ble\enums\Command.java;C:\DEV\15986_PORTALP_RS_installer_app\android\portalpcomlibrary\src\main\java\com\portalp\com_library\ble\BleDoorService.java;;;;
AUX_ENABLE_CMD;2;C:\DEV\15986_PORTALP_RS_installer_app\android\portalpcomlibrary\src\main\java\com\portalp\com_library\ble\enums\Command.java;C:\DEV\15986_PORTALP_RS_installer_app\android\portalpcomlibrary\src\main\java\com\portalp\com_library\ble\BleDoorService.java;;;;
KEY_OPEN_DOOR_CMD;1;C:\DEV\15986_PORTALP_RS_installer_app\android\portalpcomlibrary\src\main\java\com\portalp\com_library\ble\enums\Command.java;;;;;
KEY_CLOSE_DOOR_CMD;1;C:\DEV\15986_PORTALP_RS_installer_app\android\portalpcomlibrary\src\main\java\com\portalp\com_library\ble\enums\Command.java;;;;;
MODE_SEL_CMD;1;C:\DEV\15986_PORTALP_RS_installer_app\android\portalpcomlibrary\src\main\java\com\portalp\com_library\ble\enums\Command.java;;;;;
MODE_CONS_CMD;1;C:\DEV\15986_PORTALP_RS_installer_app\android\portalpcomlibrary\src\main\java\com\portalp\com_library\ble\enums\Command.java;;;;;
MODE_DOOR_CMD;3;C:\DEV\15986_PORTALP_RS_installer_app\android\portalpcomlibrary\src\main\java\com\portalp\com_library\ble\enums\Command.java;C:\DEV\15986_PORTALP_RS_installer_app\android\portalpcomlibrary\src\main\java\com\portalp\com_library\ble\BleDoorService.java;C:\DEV\15986_PORTALP_RS_installer_app\android\portalpcomlibrary\src\main\java\com\portalp\com_library\ble\protocol\BleMessage.java;;;
MODEF_FREE_CMD;1;C:\DEV\15986_PORTALP_RS_installer_app\android\portalpcomlibrary\src\main\java\com\portalp\com_library\ble\enums\Command.java;;;;;
MODEF_CLOSE_CMD;1;C:\DEV\15986_PORTALP_RS_installer_app\android\portalpcomlibrary\src\main\java\com\portalp\com_library\ble\enums\Command.java;;;;;
MODEF_OPEN_CMD;1;C:\DEV\15986_PORTALP_RS_installer_app\android\portalpcomlibrary\src\main\java\com\portalp\com_library\ble\enums\Command.java;;;;;
MODEF_EXIT_CMD;1;C:\DEV\15986_PORTALP_RS_installer_app\android\portalpcomlibrary\src\main\java\com\portalp\com_library\ble\enums\Command.java;;;;;
MODEF_ENTRY_CMD;1;C:\DEV\15986_PORTALP_RS_installer_app\android\portalpcomlibrary\src\main\java\com\portalp\com_library\ble\enums\Command.java;;;;;
MODEF_AUTO_CMD;1;C:\DEV\15986_PORTALP_RS_installer_app\android\portalpcomlibrary\src\main\java\com\portalp\com_library\ble\enums\Command.java;;;;;
MODE_PO_DOOR_CMD;2;C:\DEV\15986_PORTALP_RS_installer_app\android\portalpcomlibrary\src\main\java\com\portalp\com_library\ble\enums\Command.java;C:\DEV\15986_PORTALP_RS_installer_app\android\portalpcomlibrary\src\main\java\com\portalp\com_library\ble\BleDoorService.java;;;;
MODE_GA_DOOR_CMD;2;C:\DEV\15986_PORTALP_RS_installer_app\android\portalpcomlibrary\src\main\java\com\portalp\com_library\ble\enums\Command.java;C:\DEV\15986_PORTALP_RS_installer_app\android\portalpcomlibrary\src\main\java\com\portalp\com_library\ble\BleDoorService.java;;;;
MF_H_DOOR_CMD;1;C:\DEV\15986_PORTALP_RS_installer_app\android\portalpcomlibrary\src\main\java\com\portalp\com_library\ble\enums\Command.java;;;;;
DEADMAN_MODE_CMD;1;C:\DEV\15986_PORTALP_RS_installer_app\android\portalpcomlibrary\src\main\java\com\portalp\com_library\ble\enums\Command.java;;;;;
IO_TEST_ACK;1;C:\DEV\15986_PORTALP_RS_installer_app\android\portalpcomlibrary\src\main\java\com\portalp\com_library\ble\enums\Command.java;;;;;
IO_TEST_CMD;1;C:\DEV\15986_PORTALP_RS_installer_app\android\portalpcomlibrary\src\main\java\com\portalp\com_library\ble\enums\Command.java;;;;;
DM_DOOR_CMD;1;C:\DEV\15986_PORTALP_RS_installer_app\android\portalpcomlibrary\src\main\java\com\portalp\com_library\ble\enums\Command.java;;;;;
REG_DOOR_ACK;3;C:\DEV\15986_PORTALP_RS_installer_app\android\portalpcomlibrary\src\main\java\com\portalp\com_library\ble\enums\Command.java;C:\DEV\15986_PORTALP_RS_installer_app\android\portalpcomlibrary\src\main\java\com\portalp\com_library\ble\BleDoorService.java;C:\DEV\15986_PORTALP_RS_installer_app\android\portalpcomlibrary\src\main\java\com\portalp\com_library\ble\protocol\BleMessage.java;;;
REG_DOOR_CMD;2;C:\DEV\15986_PORTALP_RS_installer_app\android\portalpcomlibrary\src\main\java\com\portalp\com_library\ble\enums\Command.java;C:\DEV\15986_PORTALP_RS_installer_app\android\portalpcomlibrary\src\main\java\com\portalp\com_library\ble\BleDoorService.java;;;;
REG_DOOR_CNT;1;C:\DEV\15986_PORTALP_RS_installer_app\android\portalpcomlibrary\src\main\java\com\portalp\com_library\ble\enums\Command.java;;;;;
REG_DOOR_REQ;2;C:\DEV\15986_PORTALP_RS_installer_app\android\portalpcomlibrary\src\main\java\com\portalp\com_library\ble\enums\Command.java;C:\DEV\15986_PORTALP_RS_installer_app\android\portalpcomlibrary\src\main\java\com\portalp\com_library\ble\BleDoorService.java;;;;
PARAM_DOOR_ACK;2;C:\DEV\15986_PORTALP_RS_installer_app\android\portalpcomlibrary\src\main\java\com\portalp\com_library\ble\enums\Command.java;C:\DEV\15986_PORTALP_RS_installer_app\android\portalpcomlibrary\src\main\java\com\portalp\com_library\ble\protocol\BleMessage.java;;;;
PARAM_DOOR_CMD;2;C:\DEV\15986_PORTALP_RS_installer_app\android\portalpcomlibrary\src\main\java\com\portalp\com_library\ble\enums\Command.java;C:\DEV\15986_PORTALP_RS_installer_app\android\portalpcomlibrary\src\main\java\com\portalp\com_library\ble\BleDoorService.java;;;;
PARAM_DOOR_CNT;1;C:\DEV\15986_PORTALP_RS_installer_app\android\portalpcomlibrary\src\main\java\com\portalp\com_library\ble\enums\Command.java;;;;;
PARAM_DOOR_REQ;2;C:\DEV\15986_PORTALP_RS_installer_app\android\portalpcomlibrary\src\main\java\com\portalp\com_library\ble\enums\Command.java;C:\DEV\15986_PORTALP_RS_installer_app\android\portalpcomlibrary\src\main\java\com\portalp\com_library\ble\BleDoorService.java;;;;
FAULT_LIST_DOOR_CNT;1;C:\DEV\15986_PORTALP_RS_installer_app\android\portalpcomlibrary\src\main\java\com\portalp\com_library\ble\enums\Command.java;;;;;
FAULT_LIST_DOOR_REQ;2;C:\DEV\15986_PORTALP_RS_installer_app\android\portalpcomlibrary\src\main\java\com\portalp\com_library\ble\enums\Command.java;C:\DEV\15986_PORTALP_RS_installer_app\android\portalpcomlibrary\src\main\java\com\portalp\com_library\model\settings\VersionNumber.java;;;;
FAULT_LIST_EXTENDED_DOOR_CNT;1;C:\DEV\15986_PORTALP_RS_installer_app\android\portalpcomlibrary\src\main\java\com\portalp\com_library\ble\enums\Command.java;;;;;
FAULT_LIST_EXTENDED_DOOR_REQ;3;C:\DEV\15986_PORTALP_RS_installer_app\android\portalpcomlibrary\src\main\java\com\portalp\com_library\ble\enums\Command.java;C:\DEV\15986_PORTALP_RS_installer_app\android\portalpcomlibrary\src\main\java\com\portalp\com_library\model\settings\VersionNumber.java;C:\DEV\15986_PORTALP_RS_installer_app\android\portalpcomlibrary\src\main\java\com\portalp\com_library\ble\BleDoorService.java;;;
FAULT_LIST_CLEAR_CMD;1;C:\DEV\15986_PORTALP_RS_installer_app\android\portalpcomlibrary\src\main\java\com\portalp\com_library\ble\enums\Command.java;;;;;
CYCLES_DOOR_CNT;1;C:\DEV\15986_PORTALP_RS_installer_app\android\portalpcomlibrary\src\main\java\com\portalp\com_library\ble\enums\Command.java;;;;;
CYCLES_DOOR_REQ;1;C:\DEV\15986_PORTALP_RS_installer_app\android\portalpcomlibrary\src\main\java\com\portalp\com_library\ble\enums\Command.java;;;;;
SYNC_DOOR_ACK;1;C:\DEV\15986_PORTALP_RS_installer_app\android\portalpcomlibrary\src\main\java\com\portalp\com_library\ble\enums\Command.java;;;;;
SYNC_DOOR_CMD;1;C:\DEV\15986_PORTALP_RS_installer_app\android\portalpcomlibrary\src\main\java\com\portalp\com_library\ble\enums\Command.java;;;;;
CAST_DOOR_CMD;1;C:\DEV\15986_PORTALP_RS_installer_app\android\portalpcomlibrary\src\main\java\com\portalp\com_library\ble\enums\Command.java;;;;;
INDICATION_DOOR_CMD;1;C:\DEV\15986_PORTALP_RS_installer_app\android\portalpcomlibrary\src\main\java\com\portalp\com_library\ble\enums\Command.java;;;;;
RESET_DOOR_CMD;2;C:\DEV\15986_PORTALP_RS_installer_app\android\portalpcomlibrary\src\main\java\com\portalp\com_library\ble\enums\Command.java;C:\DEV\15986_PORTALP_RS_installer_app\android\portalpcomlibrary\src\main\java\com\portalp\com_library\ble\BleDoorService.java;;;;
EMERGENCY_STOP_CMD;1;C:\DEV\15986_PORTALP_RS_installer_app\android\portalpcomlibrary\src\main\java\com\portalp\com_library\ble\enums\Command.java;;;;;
SIGNAL_PERIPH_CMD;2;C:\DEV\15986_PORTALP_RS_installer_app\android\portalpcomlibrary\src\main\java\com\portalp\com_library\ble\enums\Command.java;C:\DEV\15986_PORTALP_RS_installer_app\android\portalpcomlibrary\src\main\java\com\portalp\com_library\ble\BleDoorService.java;;;;
CUSTOM_IHM_ACK;1;C:\DEV\15986_PORTALP_RS_installer_app\android\portalpcomlibrary\src\main\java\com\portalp\com_library\ble\enums\Command.java;;;;;
CUSTOM_IHM_CMD;1;C:\DEV\15986_PORTALP_RS_installer_app\android\portalpcomlibrary\src\main\java\com\portalp\com_library\ble\enums\Command.java;;;;;
CUSTOM_IHM_CNT;1;C:\DEV\15986_PORTALP_RS_installer_app\android\portalpcomlibrary\src\main\java\com\portalp\com_library\ble\enums\Command.java;;;;;
CUSTOM_IHM_REQ;1;C:\DEV\15986_PORTALP_RS_installer_app\android\portalpcomlibrary\src\main\java\com\portalp\com_library\ble\enums\Command.java;;;;;
FOCUS_ITF_CMD;1;C:\DEV\15986_PORTALP_RS_installer_app\android\portalpcomlibrary\src\main\java\com\portalp\com_library\ble\enums\Command.java;;;;;
UPDT_PERIPH_ACK;3;C:\DEV\15986_PORTALP_RS_installer_app\android\portalpcomlibrary\src\main\java\com\portalp\com_library\ble\enums\Command.java;C:\DEV\15986_PORTALP_RS_installer_app\android\portalpcomlibrary\src\main\java\com\portalp\com_library\ble\BleDoorService.java;C:\DEV\15986_PORTALP_RS_installer_app\android\portalpcomlibrary\src\main\java\com\portalp\com_library\ble\protocol\BleMessage.java;;;
UPDT_PERIPH_CMD;2;C:\DEV\15986_PORTALP_RS_installer_app\android\portalpcomlibrary\src\main\java\com\portalp\com_library\ble\enums\Command.java;C:\DEV\15986_PORTALP_RS_installer_app\android\portalpcomlibrary\src\main\java\com\portalp\com_library\ble\BleDoorService.java;;;;
ADD_PERIPH_CMD;1;C:\DEV\15986_PORTALP_RS_installer_app\android\portalpcomlibrary\src\main\java\com\portalp\com_library\ble\enums\Command.java;;;;;
DEL_PERIPH_CMD;2;C:\DEV\15986_PORTALP_RS_installer_app\android\portalpcomlibrary\src\main\java\com\portalp\com_library\ble\enums\Command.java;C:\DEV\15986_PORTALP_RS_installer_app\android\portalpcomlibrary\src\main\java\com\portalp\com_library\ble\BleDoorService.java;;;;
LIST_PERIPH_CNT;1;C:\DEV\15986_PORTALP_RS_installer_app\android\portalpcomlibrary\src\main\java\com\portalp\com_library\ble\enums\Command.java;;;;;
LIST_PERIPH_REQ;1;C:\DEV\15986_PORTALP_RS_installer_app\android\portalpcomlibrary\src\main\java\com\portalp\com_library\ble\enums\Command.java;;;;;
LIST_PERIPH_IO_CNT;3;C:\DEV\15986_PORTALP_RS_installer_app\android\portalpcomlibrary\src\main\java\com\portalp\com_library\ble\enums\Command.java;C:\DEV\15986_PORTALP_RS_installer_app\android\portalpcomlibrary\src\main\java\com\portalp\com_library\ble\BleDoorService.java;C:\DEV\15986_PORTALP_RS_installer_app\android\portalpcomlibrary\src\main\java\com\portalp\com_library\ble\protocol\BleMessage.java;;;
LIST_PERIPH_IO_REQ;2;C:\DEV\15986_PORTALP_RS_installer_app\android\portalpcomlibrary\src\main\java\com\portalp\com_library\ble\enums\Command.java;C:\DEV\15986_PORTALP_RS_installer_app\android\portalpcomlibrary\src\main\java\com\portalp\com_library\ble\BleDoorService.java;;;;
INFO_PERIPH_CNT;3;C:\DEV\15986_PORTALP_RS_installer_app\android\portalpcomlibrary\src\main\java\com\portalp\com_library\ble\enums\Command.java;C:\DEV\15986_PORTALP_RS_installer_app\android\portalpcomlibrary\src\main\java\com\portalp\com_library\ble\BleDoorService.java;C:\DEV\15986_PORTALP_RS_installer_app\android\portalpcomlibrary\src\main\java\com\portalp\com_library\ble\protocol\BleMessage.java;;;
INFO_PERIPH_REQ;2;C:\DEV\15986_PORTALP_RS_installer_app\android\portalpcomlibrary\src\main\java\com\portalp\com_library\ble\enums\Command.java;C:\DEV\15986_PORTALP_RS_installer_app\android\portalpcomlibrary\src\main\java\com\portalp\com_library\ble\BleDoorService.java;;;;
INFO_PERIPH_IO_CNT;1;C:\DEV\15986_PORTALP_RS_installer_app\android\portalpcomlibrary\src\main\java\com\portalp\com_library\ble\enums\Command.java;;;;;
INFO_PERIPH_IO_REQ;1;C:\DEV\15986_PORTALP_RS_installer_app\android\portalpcomlibrary\src\main\java\com\portalp\com_library\ble\enums\Command.java;;;;;
CLEAN_PERIPH_CMD;1;C:\DEV\15986_PORTALP_RS_installer_app\android\portalpcomlibrary\src\main\java\com\portalp\com_library\ble\enums\Command.java;;;;;
CLEAR_PERIPH_CMD;1;C:\DEV\15986_PORTALP_RS_installer_app\android\portalpcomlibrary\src\main\java\com\portalp\com_library\ble\enums\Command.java;;;;;
LIST_PERIPH_ID_CNT;3;C:\DEV\15986_PORTALP_RS_installer_app\android\portalpcomlibrary\src\main\java\com\portalp\com_library\ble\enums\Command.java;C:\DEV\15986_PORTALP_RS_installer_app\android\portalpcomlibrary\src\main\java\com\portalp\com_library\ble\BleDoorService.java;C:\DEV\15986_PORTALP_RS_installer_app\android\portalpcomlibrary\src\main\java\com\portalp\com_library\ble\protocol\BleMessage.java;;;
LIST_PERIPH_ID_REQ;2;C:\DEV\15986_PORTALP_RS_installer_app\android\portalpcomlibrary\src\main\java\com\portalp\com_library\ble\enums\Command.java;C:\DEV\15986_PORTALP_RS_installer_app\android\portalpcomlibrary\src\main\java\com\portalp\com_library\ble\BleDoorService.java;;;;
CONF_PERIPH_CMD;2;C:\DEV\15986_PORTALP_RS_installer_app\android\portalpcomlibrary\src\main\java\com\portalp\com_library\ble\enums\Command.java;C:\DEV\15986_PORTALP_RS_installer_app\android\portalpcomlibrary\src\main\java\com\portalp\com_library\ble\BleDoorService.java;;;;
CONF_IO_PERIPH_CMD;2;C:\DEV\15986_PORTALP_RS_installer_app\android\portalpcomlibrary\src\main\java\com\portalp\com_library\ble\enums\Command.java;C:\DEV\15986_PORTALP_RS_installer_app\android\portalpcomlibrary\src\main\java\com\portalp\com_library\ble\BleDoorService.java;;;;
RESET_PERIPH_CMD;1;C:\DEV\15986_PORTALP_RS_installer_app\android\portalpcomlibrary\src\main\java\com\portalp\com_library\ble\enums\Command.java;;;;;
FOCUS_PERIPH_CMD;1;C:\DEV\15986_PORTALP_RS_installer_app\android\portalpcomlibrary\src\main\java\com\portalp\com_library\ble\enums\Command.java;;;;;
STORE_SETTINGS_CMD;1;C:\DEV\15986_PORTALP_RS_installer_app\android\portalpcomlibrary\src\main\java\com\portalp\com_library\ble\enums\Command.java;;;;;
FACTORY_RESET_CMD;2;C:\DEV\15986_PORTALP_RS_installer_app\android\portalpcomlibrary\src\main\java\com\portalp\com_library\ble\enums\Command.java;C:\DEV\15986_PORTALP_RS_installer_app\android\portalpcomlibrary\src\main\java\com\portalp\com_library\ble\BleDoorService.java;;;;
INPUTS_DIAG_CNT;3;C:\DEV\15986_PORTALP_RS_installer_app\android\portalpcomlibrary\src\main\java\com\portalp\com_library\ble\enums\Command.java;C:\DEV\15986_PORTALP_RS_installer_app\android\portalpcomlibrary\src\main\java\com\portalp\com_library\ble\protocol\BleMessage.java;C:\DEV\15986_PORTALP_RS_installer_app\android\portalpcomlibrary\src\main\java\com\portalp\com_library\model\settings\SuperEnums.java;;;
INPUTS_DIAG_REQ;2;C:\DEV\15986_PORTALP_RS_installer_app\android\portalpcomlibrary\src\main\java\com\portalp\com_library\ble\enums\Command.java;C:\DEV\15986_PORTALP_RS_installer_app\android\portalpcomlibrary\src\main\java\com\portalp\com_library\ble\BleDoorService.java;;;;
PARAM_DOOR_EXTENDED_ACK;3;C:\DEV\15986_PORTALP_RS_installer_app\android\portalpcomlibrary\src\main\java\com\portalp\com_library\ble\enums\Command.java;C:\DEV\15986_PORTALP_RS_installer_app\android\portalpcomlibrary\src\main\java\com\portalp\com_library\ble\BleDoorService.java;C:\DEV\15986_PORTALP_RS_installer_app\android\portalpcomlibrary\src\main\java\com\portalp\com_library\ble\protocol\BleMessage.java;;;
PARAM_DOOR_EXTENDED_CMD;2;C:\DEV\15986_PORTALP_RS_installer_app\android\portalpcomlibrary\src\main\java\com\portalp\com_library\ble\enums\Command.java;C:\DEV\15986_PORTALP_RS_installer_app\android\portalpcomlibrary\src\main\java\com\portalp\com_library\ble\BleDoorService.java;;;;
PARAM_DOOR_EXTENDED_CNT;3;C:\DEV\15986_PORTALP_RS_installer_app\android\portalpcomlibrary\src\main\java\com\portalp\com_library\ble\enums\Command.java;C:\DEV\15986_PORTALP_RS_installer_app\android\portalpcomlibrary\src\main\java\com\portalp\com_library\ble\BleDoorService.java;C:\DEV\15986_PORTALP_RS_installer_app\android\portalpcomlibrary\src\main\java\com\portalp\com_library\ble\protocol\BleMessage.java;;;
PARAM_DOOR_EXTENDED_REQ;2;C:\DEV\15986_PORTALP_RS_installer_app\android\portalpcomlibrary\src\main\java\com\portalp\com_library\ble\enums\Command.java;C:\DEV\15986_PORTALP_RS_installer_app\android\portalpcomlibrary\src\main\java\com\portalp\com_library\ble\BleDoorService.java;;;;
CONFP_PERIPH_CMD;3;C:\DEV\15986_PORTALP_RS_installer_app\android\portalpcomlibrary\src\main\java\com\portalp\com_library\ble\enums\Command.java;C:\DEV\15986_PORTALP_RS_installer_app\android\portalpcomlibrary\src\main\java\com\portalp\com_library\ble\BleDoorService.java;C:\DEV\15986_PORTALP_RS_installer_app\android\portalpcomlibrary\src\main\java\com\portalp\com_library\ble\enums\CommandCategory.java;;;
CONFP_IO_PERIPH_CMD;1;C:\DEV\15986_PORTALP_RS_installer_app\android\portalpcomlibrary\src\main\java\com\portalp\com_library\ble\enums\Command.java;;;;;
START_PERIPH_CMD;1;C:\DEV\15986_PORTALP_RS_installer_app\android\portalpcomlibrary\src\main\java\com\portalp\com_library\ble\enums\Command.java;;;;;
FOCUSP_PERIPH_CMD;1;C:\DEV\15986_PORTALP_RS_installer_app\android\portalpcomlibrary\src\main\java\com\portalp\com_library\ble\enums\Command.java;;;;;
SIGNALP_PERIPH_CMD;1;C:\DEV\15986_PORTALP_RS_installer_app\android\portalpcomlibrary\src\main\java\com\portalp\com_library\ble\enums\Command.java;;;;;
ALIVE_PERIPH_CNT;1;C:\DEV\15986_PORTALP_RS_installer_app\android\portalpcomlibrary\src\main\java\com\portalp\com_library\ble\enums\Command.java;;;;;
FAULT_PERIPH_CMD;1;C:\DEV\15986_PORTALP_RS_installer_app\android\portalpcomlibrary\src\main\java\com\portalp\com_library\ble\enums\Command.java;;;;;
UPDT_PERIPH_START_ACK;1;C:\DEV\15986_PORTALP_RS_installer_app\android\portalpcomlibrary\src\main\java\com\portalp\com_library\ble\enums\Command.java;;;;;
UPDT_PERIPH_START_CMD;1;C:\DEV\15986_PORTALP_RS_installer_app\android\portalpcomlibrary\src\main\java\com\portalp\com_library\ble\enums\Command.java;;;;;
UPDT_PERIPH_DATA_ACK;1;C:\DEV\15986_PORTALP_RS_installer_app\android\portalpcomlibrary\src\main\java\com\portalp\com_library\ble\enums\Command.java;;;;;
UPDT_PERIPH_DATA_CMD;1;C:\DEV\15986_PORTALP_RS_installer_app\android\portalpcomlibrary\src\main\java\com\portalp\com_library\ble\enums\Command.java;;;;;
UPDT_PERIPH_CHECK_ACK;1;C:\DEV\15986_PORTALP_RS_installer_app\android\portalpcomlibrary\src\main\java\com\portalp\com_library\ble\enums\Command.java;;;;;
UPDT_PERIPH_CHECK_CMD;1;C:\DEV\15986_PORTALP_RS_installer_app\android\portalpcomlibrary\src\main\java\com\portalp\com_library\ble\enums\Command.java;;;;;
IO_PERIPH_TEST_ACK;1;C:\DEV\15986_PORTALP_RS_installer_app\android\portalpcomlibrary\src\main\java\com\portalp\com_library\ble\enums\Command.java;;;;;
IO_PERIPH_TEST_CMD;1;C:\DEV\15986_PORTALP_RS_installer_app\android\portalpcomlibrary\src\main\java\com\portalp\com_library\ble\enums\Command.java;;;;;
SLEEP_PERIPH_ACK;1;C:\DEV\15986_PORTALP_RS_installer_app\android\portalpcomlibrary\src\main\java\com\portalp\com_library\ble\enums\Command.java;;;;;
SLEEP_PERIPH_CMD;1;C:\DEV\15986_PORTALP_RS_installer_app\android\portalpcomlibrary\src\main\java\com\portalp\com_library\ble\enums\Command.java;;;;;
RESETP_PERIPH_CMD;1;C:\DEV\15986_PORTALP_RS_installer_app\android\portalpcomlibrary\src\main\java\com\portalp\com_library\ble\enums\Command.java;;;;;
FIELDBUS_RAW_CNT;4;C:\DEV\15986_PORTALP_RS_installer_app\android\portalpcomlibrary\src\main\java\com\portalp\com_library\ble\enums\Command.java;C:\DEV\15986_PORTALP_RS_installer_app\android\portalpcomlibrary\src\main\java\com\portalp\com_library\model\settings\VersionNumber.java;C:\DEV\15986_PORTALP_RS_installer_app\android\portalpcomlibrary\src\main\java\com\portalp\com_library\ble\BleDoorService.java;C:\DEV\15986_PORTALP_RS_installer_app\android\portalpcomlibrary\src\main\java\com\portalp\com_library\ble\protocol\BleMessage.java;;
FIELDBUS_RAW_REQ;6;C:\DEV\15986_PORTALP_RS_installer_app\android\portalpcomlibrary\src\main\java\com\portalp\com_library\ble\enums\CommandCategory.java;C:\DEV\15986_PORTALP_RS_installer_app\android\portalpcomlibrary\src\main\java\com\portalp\com_library\model\peripherals\DualBeaIxioDPeripheral.java;C:\DEV\15986_PORTALP_RS_installer_app\android\portalpcomlibrary\src\main\java\com\portalp\com_library\ble\BleDoorService.java;C:\DEV\15986_PORTALP_RS_installer_app\android\portalpcomlibrary\src\main\java\com\portalp\com_library\model\peripherals\SafetyBeaIxioDPeripheral.java;C:\DEV\15986_PORTALP_RS_installer_app\android\portalpcomlibrary\src\main\java\com\portalp\com_library\ble\enums\Command.java;C:\DEV\15986_PORTALP_RS_installer_app\android\portalpcomlibrary\src\main\java\com\portalp\com_library\model\settings\VersionNumber.java
FIELDBUS_RAW_ACK;3;C:\DEV\15986_PORTALP_RS_installer_app\android\portalpcomlibrary\src\main\java\com\portalp\com_library\ble\enums\Command.java;C:\DEV\15986_PORTALP_RS_installer_app\android\portalpcomlibrary\src\main\java\com\portalp\com_library\ble\BleDoorService.java;C:\DEV\15986_PORTALP_RS_installer_app\android\portalpcomlibrary\src\main\java\com\portalp\com_library\ble\protocol\BleMessage.java;;;
FIELDBUS_RAW_CMD;2;C:\DEV\15986_PORTALP_RS_installer_app\android\portalpcomlibrary\src\main\java\com\portalp\com_library\ble\enums\Command.java;C:\DEV\15986_PORTALP_RS_installer_app\android\portalpcomlibrary\src\main\java\com\portalp\com_library\ble\BleDoorService.java;;;;
FILE_READ_CNT;4;C:\DEV\15986_PORTALP_RS_installer_app\android\portalpcomlibrary\src\main\java\com\portalp\com_library\ble\enums\Command.java;C:\DEV\15986_PORTALP_RS_installer_app\android\portalpcomlibrary\src\main\java\com\portalp\com_library\model\settings\VersionNumber.java;C:\DEV\15986_PORTALP_RS_installer_app\android\portalpcomlibrary\src\main\java\com\portalp\com_library\ble\BleDoorService.java;C:\DEV\15986_PORTALP_RS_installer_app\android\portalpcomlibrary\src\main\java\com\portalp\com_library\ble\protocol\BleMessage.java;;
FILE_READ_REQ;4;C:\DEV\15986_PORTALP_RS_installer_app\android\portalpcomlibrary\src\main\java\com\portalp\com_library\ble\enums\Command.java;C:\DEV\15986_PORTALP_RS_installer_app\android\portalpcomlibrary\src\main\java\com\portalp\com_library\model\settings\VersionNumber.java;C:\DEV\15986_PORTALP_RS_installer_app\android\portalpcomlibrary\src\main\java\com\portalp\com_library\ble\BleDoorService.java;C:\DEV\15986_PORTALP_RS_installer_app\android\portalpcomlibrary\src\main\java\com\portalp\com_library\model\firmware\FirmwareHelper.java;;
FILE_WRITE_ACK;1;C:\DEV\15986_PORTALP_RS_installer_app\android\portalpcomlibrary\src\main\java\com\portalp\com_library\ble\enums\Command.java;;;;;
FILE_WRITE_CMD;1;C:\DEV\15986_PORTALP_RS_installer_app\android\portalpcomlibrary\src\main\java\com\portalp\com_library\ble\enums\Command.java;;;;;
FILE_UP_START_ACK;3;C:\DEV\15986_PORTALP_RS_installer_app\android\portalpcomlibrary\src\main\java\com\portalp\com_library\ble\enums\Command.java;C:\DEV\15986_PORTALP_RS_installer_app\android\portalpcomlibrary\src\main\java\com\portalp\com_library\ble\BleDoorService.java;C:\DEV\15986_PORTALP_RS_installer_app\android\portalpcomlibrary\src\main\java\com\portalp\com_library\ble\protocol\BleMessage.java;;;
FILE_UP_START_CMD;2;C:\DEV\15986_PORTALP_RS_installer_app\android\portalpcomlibrary\src\main\java\com\portalp\com_library\ble\enums\Command.java;C:\DEV\15986_PORTALP_RS_installer_app\android\portalpcomlibrary\src\main\java\com\portalp\com_library\ble\BleDoorService.java;;;;
FILE_UP_DATA_ACK;3;C:\DEV\15986_PORTALP_RS_installer_app\android\portalpcomlibrary\src\main\java\com\portalp\com_library\ble\enums\Command.java;C:\DEV\15986_PORTALP_RS_installer_app\android\portalpcomlibrary\src\main\java\com\portalp\com_library\ble\BleDoorService.java;C:\DEV\15986_PORTALP_RS_installer_app\android\portalpcomlibrary\src\main\java\com\portalp\com_library\ble\protocol\BleMessage.java;;;
FILE_UP_DATA_CMD;2;C:\DEV\15986_PORTALP_RS_installer_app\android\portalpcomlibrary\src\main\java\com\portalp\com_library\ble\enums\Command.java;C:\DEV\15986_PORTALP_RS_installer_app\android\portalpcomlibrary\src\main\java\com\portalp\com_library\ble\BleDoorService.java;;;;
FILE_UP_CHECK_ACK;3;C:\DEV\15986_PORTALP_RS_installer_app\android\portalpcomlibrary\src\main\java\com\portalp\com_library\ble\enums\Command.java;C:\DEV\15986_PORTALP_RS_installer_app\android\portalpcomlibrary\src\main\java\com\portalp\com_library\ble\BleDoorService.java;C:\DEV\15986_PORTALP_RS_installer_app\android\portalpcomlibrary\src\main\java\com\portalp\com_library\ble\protocol\BleMessage.java;;;
FILE_UP_CHECK_CMD;2;C:\DEV\15986_PORTALP_RS_installer_app\android\portalpcomlibrary\src\main\java\com\portalp\com_library\ble\enums\Command.java;C:\DEV\15986_PORTALP_RS_installer_app\android\portalpcomlibrary\src\main\java\com\portalp\com_library\ble\BleDoorService.java;;;;
ALLOW_PAIR_COMM_CMD;1;C:\DEV\15986_PORTALP_RS_installer_app\android\portalpcomlibrary\src\main\java\com\portalp\com_library\ble\enums\Command.java;;;;;
PAIR_KEY_CNT;4;C:\DEV\15986_PORTALP_RS_installer_app\android\portalpcomlibrary\src\main\java\com\portalp\com_library\ble\enums\Command.java;C:\DEV\15986_PORTALP_RS_installer_app\android\portalpcomlibrary\src\main\java\com\portalp\com_library\model\door\DoorDbFields.java;C:\DEV\15986_PORTALP_RS_installer_app\android\portalpcomlibrary\src\main\java\com\portalp\com_library\ble\BleDoorService.java;C:\DEV\15986_PORTALP_RS_installer_app\android\portalpcomlibrary\src\main\java\com\portalp\com_library\ble\protocol\BleMessage.java;;
PAIR_KEY_REQ;3;C:\DEV\15986_PORTALP_RS_installer_app\android\portalpcomlibrary\src\main\java\com\portalp\com_library\ble\enums\Command.java;C:\DEV\15986_PORTALP_RS_installer_app\android\portalpcomlibrary\src\main\java\com\portalp\com_library\model\door\Door.java;C:\DEV\15986_PORTALP_RS_installer_app\android\portalpcomlibrary\src\main\java\com\portalp\com_library\ble\BleDoorService.java;;;
PAIR_KEY_SIGNED_REQ;3;C:\DEV\15986_PORTALP_RS_installer_app\android\portalpcomlibrary\src\main\java\com\portalp\com_library\ble\enums\Command.java;C:\DEV\15986_PORTALP_RS_installer_app\android\portalpcomlibrary\src\main\java\com\portalp\com_library\model\door\Door.java;C:\DEV\15986_PORTALP_RS_installer_app\android\portalpcomlibrary\src\main\java\com\portalp\com_library\ble\BleDoorService.java;;;
PAIR_TIMEOUT_CNT;1;C:\DEV\15986_PORTALP_RS_installer_app\android\portalpcomlibrary\src\main\java\com\portalp\com_library\ble\enums\Command.java;;;;;
PAIR_TIMEOUT_REQ;1;C:\DEV\15986_PORTALP_RS_installer_app\android\portalpcomlibrary\src\main\java\com\portalp\com_library\ble\enums\Command.java;;;;;
LABEL_MODULE_CMD;1;C:\DEV\15986_PORTALP_RS_installer_app\android\portalpcomlibrary\src\main\java\com\portalp\com_library\ble\enums\Command.java;;;;;
DEL_MOD_PERIPH_ACK;1;C:\DEV\15986_PORTALP_RS_installer_app\android\portalpcomlibrary\src\main\java\com\portalp\com_library\ble\enums\Command.java;;;;;
DEL_MOD_PERIPH_CMD;1;C:\DEV\15986_PORTALP_RS_installer_app\android\portalpcomlibrary\src\main\java\com\portalp\com_library\ble\enums\Command.java;;;;;
LIST_MOD_PERIPH_CNT;1;C:\DEV\15986_PORTALP_RS_installer_app\android\portalpcomlibrary\src\main\java\com\portalp\com_library\ble\enums\Command.java;;;;;
LIST_MOD_PERIPH_REQ;1;C:\DEV\15986_PORTALP_RS_installer_app\android\portalpcomlibrary\src\main\java\com\portalp\com_library\ble\enums\Command.java;;;;;
SAVE_MOD_PERIPH_TABLE_CMD;1;C:\DEV\15986_PORTALP_RS_installer_app\android\portalpcomlibrary\src\main\java\com\portalp\com_library\ble\enums\Command.java;;;;;
SYNC_COMM_CNT;3;C:\DEV\15986_PORTALP_RS_installer_app\android\portalpcomlibrary\src\main\java\com\portalp\com_library\ble\enums\Command.java;C:\DEV\15986_PORTALP_RS_installer_app\android\portalpcomlibrary\src\main\java\com\portalp\com_library\ble\BleDoorService.java;C:\DEV\15986_PORTALP_RS_installer_app\android\portalpcomlibrary\src\main\java\com\portalp\com_library\ble\protocol\BleMessage.java;;;
SYNC_COMM_REQ;2;C:\DEV\15986_PORTALP_RS_installer_app\android\portalpcomlibrary\src\main\java\com\portalp\com_library\ble\enums\Command.java;C:\DEV\15986_PORTALP_RS_installer_app\android\portalpcomlibrary\src\main\java\com\portalp\com_library\ble\BleDoorService.java;;;;
PAIR_CONFIRM_ACK;1;C:\DEV\15986_PORTALP_RS_installer_app\android\portalpcomlibrary\src\main\java\com\portalp\com_library\ble\enums\Command.java;;;;;
PAIR_CONFIRM_CMD;3;C:\DEV\15986_PORTALP_RS_installer_app\android\portalpcomlibrary\src\main\java\com\portalp\com_library\ble\enums\Command.java;C:\DEV\15986_PORTALP_RS_installer_app\android\portalpcomlibrary\src\main\java\com\portalp\com_library\ble\BleDoorService.java;C:\DEV\15986_PORTALP_RS_installer_app\android\portalpcomlibrary\src\main\java\com\portalp\com_library\ble\protocol\BleMessage.java;;;
SCAN_NEW_BUS_PERIPH_CMD;1;C:\DEV\15986_PORTALP_RS_installer_app\android\portalpcomlibrary\src\main\java\com\portalp\com_library\ble\enums\Command.java;;;;;
FAULT_MODULE_CMD;1;C:\DEV\15986_PORTALP_RS_installer_app\android\portalpcomlibrary\src\main\java\com\portalp\com_library\ble\enums\Command.java;;;;;
LIMIT_USER_COMM_CMD;1;C:\DEV\15986_PORTALP_RS_installer_app\android\portalpcomlibrary\src\main\java\com\portalp\com_library\ble\enums\Command.java;;;;;
LIMIT_SUPERUSER_COMM_CMD;1;C:\DEV\15986_PORTALP_RS_installer_app\android\portalpcomlibrary\src\main\java\com\portalp\com_library\ble\enums\Command.java;;;;;
ECC_CHG_CNT;3;C:\DEV\15986_PORTALP_RS_installer_app\android\portalpcomlibrary\src\main\java\com\portalp\com_library\ble\enums\Command.java;C:\DEV\15986_PORTALP_RS_installer_app\android\portalpcomlibrary\src\main\java\com\portalp\com_library\ble\BleDoorService.java;C:\DEV\15986_PORTALP_RS_installer_app\android\portalpcomlibrary\src\main\java\com\portalp\com_library\ble\protocol\BleMessage.java;;;
ECC_CHG_REQ;3;C:\DEV\15986_PORTALP_RS_installer_app\android\portalpcomlibrary\src\main\java\com\portalp\com_library\ble\enums\Command.java;C:\DEV\15986_PORTALP_RS_installer_app\android\portalpcomlibrary\src\main\java\com\portalp\com_library\ble\BleDoorService.java;C:\DEV\15986_PORTALP_RS_installer_app\android\portalpcomlibrary\src\main\java\com\portalp\com_library\ble\protocol\BleMessage.java;;;
ECC_KEY_CNT;2;C:\DEV\15986_PORTALP_RS_installer_app\android\portalpcomlibrary\src\main\java\com\portalp\com_library\ble\enums\Command.java;C:\DEV\15986_PORTALP_RS_installer_app\android\portalpcomlibrary\src\main\java\com\portalp\com_library\ble\protocol\BleMessage.java;;;;
ECC_KEY_REQ;3;C:\DEV\15986_PORTALP_RS_installer_app\android\portalpcomlibrary\src\main\java\com\portalp\com_library\ble\enums\Command.java;C:\DEV\15986_PORTALP_RS_installer_app\android\portalpcomlibrary\src\main\java\com\portalp\com_library\ble\BleDoorService.java;C:\DEV\15986_PORTALP_RS_installer_app\android\portalpcomlibrary\src\main\java\com\portalp\com_library\ble\protocol\BleMessage.java;;;
CONFIG_CINE_ACK;1;C:\DEV\15986_PORTALP_RS_installer_app\android\portalpcomlibrary\src\main\java\com\portalp\com_library\ble\enums\Command.java;;;;;
CONFIG_CINE_CMD;1;C:\DEV\15986_PORTALP_RS_installer_app\android\portalpcomlibrary\src\main\java\com\portalp\com_library\ble\enums\Command.java;;;;;
CLEAR_CINE_CMD;1;C:\DEV\15986_PORTALP_RS_installer_app\android\portalpcomlibrary\src\main\java\com\portalp\com_library\ble\enums\Command.java;;;;;
STATUS_MOT_CNT;1;C:\DEV\15986_PORTALP_RS_installer_app\android\portalpcomlibrary\src\main\java\com\portalp\com_library\ble\enums\Command.java;;;;;
STATUS_MOT_REQ;1;C:\DEV\15986_PORTALP_RS_installer_app\android\portalpcomlibrary\src\main\java\com\portalp\com_library\ble\enums\Command.java;;;;;
MOVE_OPEN_CMD;1;C:\DEV\15986_PORTALP_RS_installer_app\android\portalpcomlibrary\src\main\java\com\portalp\com_library\ble\enums\Command.java;;;;;
MOVE_LEARN_OPEN_CMD;1;C:\DEV\15986_PORTALP_RS_installer_app\android\portalpcomlibrary\src\main\java\com\portalp\com_library\ble\enums\Command.java;;;;;
MOVE_CLOSE_CMD;1;C:\DEV\15986_PORTALP_RS_installer_app\android\portalpcomlibrary\src\main\java\com\portalp\com_library\ble\enums\Command.java;;;;;
MOVE_LEARN_CLOSE_CMD;1;C:\DEV\15986_PORTALP_RS_installer_app\android\portalpcomlibrary\src\main\java\com\portalp\com_library\ble\enums\Command.java;;;;;
MOVE_FREE_CMD;1;C:\DEV\15986_PORTALP_RS_installer_app\android\portalpcomlibrary\src\main\java\com\portalp\com_library\ble\enums\Command.java;;;;;
MOVE_LEARN_WEIGHT_CMD;1;C:\DEV\15986_PORTALP_RS_installer_app\android\portalpcomlibrary\src\main\java\com\portalp\com_library\ble\enums\Command.java;;;;;
MOVE_LEARN_FRICTION_CMD;1;C:\DEV\15986_PORTALP_RS_installer_app\android\portalpcomlibrary\src\main\java\com\portalp\com_library\ble\enums\Command.java;;;;;
MOVE_ACK;1;C:\DEV\15986_PORTALP_RS_installer_app\android\portalpcomlibrary\src\main\java\com\portalp\com_library\ble\enums\Command.java;;;;;
INFO_MOT_CNT;1;C:\DEV\15986_PORTALP_RS_installer_app\android\portalpcomlibrary\src\main\java\com\portalp\com_library\ble\enums\Command.java;;;;;
INFO_MOT_REQ;1;C:\DEV\15986_PORTALP_RS_installer_app\android\portalpcomlibrary\src\main\java\com\portalp\com_library\ble\enums\Command.java;;;;;
CONFIG_CONVERSION_ACK;1;C:\DEV\15986_PORTALP_RS_installer_app\android\portalpcomlibrary\src\main\java\com\portalp\com_library\ble\enums\Command.java;;;;;
CONFIG_CONVERSION_CMD;1;C:\DEV\15986_PORTALP_RS_installer_app\android\portalpcomlibrary\src\main\java\com\portalp\com_library\ble\enums\Command.java;;;;;
SETTING_MOT_ACK;1;C:\DEV\15986_PORTALP_RS_installer_app\android\portalpcomlibrary\src\main\java\com\portalp\com_library\ble\enums\Command.java;;;;;
SETTING_MOT_CMD;1;C:\DEV\15986_PORTALP_RS_installer_app\android\portalpcomlibrary\src\main\java\com\portalp\com_library\ble\enums\Command.java;;;;;
SETTING_MOT_CNT;1;C:\DEV\15986_PORTALP_RS_installer_app\android\portalpcomlibrary\src\main\java\com\portalp\com_library\ble\enums\Command.java;;;;;
SETTING_MOT_REQ;1;C:\DEV\15986_PORTALP_RS_installer_app\android\portalpcomlibrary\src\main\java\com\portalp\com_library\ble\enums\Command.java;;;;;
FAULT_MOT_CNT;1;C:\DEV\15986_PORTALP_RS_installer_app\android\portalpcomlibrary\src\main\java\com\portalp\com_library\ble\enums\Command.java;;;;;
FAULT_MOT_REQ;1;C:\DEV\15986_PORTALP_RS_installer_app\android\portalpcomlibrary\src\main\java\com\portalp\com_library\ble\enums\Command.java;;;;;
TEST_MOTOR_RELAY_CMD;1;C:\DEV\15986_PORTALP_RS_installer_app\android\portalpcomlibrary\src\main\java\com\portalp\com_library\ble\enums\Command.java;;;;;
TEST_LOCK_RELAY_CMD;1;C:\DEV\15986_PORTALP_RS_installer_app\android\portalpcomlibrary\src\main\java\com\portalp\com_library\ble\enums\Command.java;;;;;
TEST_RELAY_ACK;1;C:\DEV\15986_PORTALP_RS_installer_app\android\portalpcomlibrary\src\main\java\com\portalp\com_library\ble\enums\Command.java;;;;;
UNKWN_CMD_ACK;1;C:\DEV\15986_PORTALP_RS_installer_app\android\portalpcomlibrary\src\main\java\com\portalp\com_library\ble\enums\Command.java;;;;;
MOVE_STOP_CMD;1;C:\DEV\15986_PORTALP_RS_installer_app\android\portalpcomlibrary\src\main\java\com\portalp\com_library\ble\enums\Command.java;;;;;
ADD_PERIPH_EMCY_CMD;1;C:\DEV\15986_PORTALP_RS_installer_app\android\portalpcomlibrary\src\main\java\com\portalp\com_library\ble\enums\Command.java;;;;;
DEL_PERIPH_EMCY_CMD;1;C:\DEV\15986_PORTALP_RS_installer_app\android\portalpcomlibrary\src\main\java\com\portalp\com_library\ble\enums\Command.java;;;;;
PERIPH_EMCY_ACK;1;C:\DEV\15986_PORTALP_RS_installer_app\android\portalpcomlibrary\src\main\java\com\portalp\com_library\ble\enums\Command.java;;;;;
PERIPH_EMCY_LIST_CNT;1;C:\DEV\15986_PORTALP_RS_installer_app\android\portalpcomlibrary\src\main\java\com\portalp\com_library\ble\enums\Command.java;;;;;
PERIPH_EMCY_LIST_REQ;1;C:\DEV\15986_PORTALP_RS_installer_app\android\portalpcomlibrary\src\main\java\com\portalp\com_library\ble\enums\Command.java;;;;;
MOVE_OPEN_OBST_INHIB_CMD;1;C:\DEV\15986_PORTALP_RS_installer_app\android\portalpcomlibrary\src\main\java\com\portalp\com_library\ble\enums\Command.java;;;;;
MOVE_CLOSE_OBST_INHIB_CMD;1;C:\DEV\15986_PORTALP_RS_installer_app\android\portalpcomlibrary\src\main\java\com\portalp\com_library\ble\enums\Command.java;;;;;
SYNC_TIME_ACK;3;C:\DEV\15986_PORTALP_RS_installer_app\android\portalpcomlibrary\src\main\java\com\portalp\com_library\ble\enums\Command.java;C:\DEV\15986_PORTALP_RS_installer_app\android\portalpcomlibrary\src\main\java\com\portalp\com_library\ble\BleDoorService.java;C:\DEV\15986_PORTALP_RS_installer_app\android\portalpcomlibrary\src\main\java\com\portalp\com_library\ble\protocol\BleMessage.java;;;
SYNC_TIME_CMD;2;C:\DEV\15986_PORTALP_RS_installer_app\android\portalpcomlibrary\src\main\java\com\portalp\com_library\ble\enums\Command.java;C:\DEV\15986_PORTALP_RS_installer_app\android\portalpcomlibrary\src\main\java\com\portalp\com_library\ble\BleDoorService.java;;;;
CORRECT_TIME_ACK;2;C:\DEV\15986_PORTALP_RS_installer_app\android\portalpcomlibrary\src\main\java\com\portalp\com_library\ble\enums\Command.java;C:\DEV\15986_PORTALP_RS_installer_app\android\portalpcomlibrary\src\main\java\com\portalp\com_library\ble\protocol\BleMessage.java;;;;
CORRECT_TIME_CMD;1;C:\DEV\15986_PORTALP_RS_installer_app\android\portalpcomlibrary\src\main\java\com\portalp\com_library\ble\enums\Command.java;;;;;
GET_DOOR_TIME_CNT;3;C:\DEV\15986_PORTALP_RS_installer_app\android\portalpcomlibrary\src\main\java\com\portalp\com_library\ble\enums\Command.java;C:\DEV\15986_PORTALP_RS_installer_app\android\portalpcomlibrary\src\main\java\com\portalp\com_library\ble\BleDoorService.java;C:\DEV\15986_PORTALP_RS_installer_app\android\portalpcomlibrary\src\main\java\com\portalp\com_library\ble\protocol\BleMessage.java;;;
GET_DOOR_TIME_REQ;2;C:\DEV\15986_PORTALP_RS_installer_app\android\portalpcomlibrary\src\main\java\com\portalp\com_library\ble\enums\Command.java;C:\DEV\15986_PORTALP_RS_installer_app\android\portalpcomlibrary\src\main\java\com\portalp\com_library\ble\BleDoorService.java;;;;
INFO_ITF_CNT;1;C:\DEV\15986_PORTALP_RS_installer_app\android\portalpcomlibrary\src\main\java\com\portalp\com_library\ble\enums\Command.java;;;;;
INFO_ITF_REQ;1;C:\DEV\15986_PORTALP_RS_installer_app\android\portalpcomlibrary\src\main\java\com\portalp\com_library\ble\enums\Command.java;;;;;
CONF_ITF_CNT;1;C:\DEV\15986_PORTALP_RS_installer_app\android\portalpcomlibrary\src\main\java\com\portalp\com_library\ble\enums\Command.java;;;;;
CONF_ITF_REQ;1;C:\DEV\15986_PORTALP_RS_installer_app\android\portalpcomlibrary\src\main\java\com\portalp\com_library\ble\enums\Command.java;;;;;
RND_ITF_CNT;1;C:\DEV\15986_PORTALP_RS_installer_app\android\portalpcomlibrary\src\main\java\com\portalp\com_library\ble\enums\Command.java;;;;;
RND_ITF_REQ;1;C:\DEV\15986_PORTALP_RS_installer_app\android\portalpcomlibrary\src\main\java\com\portalp\com_library\ble\enums\Command.java;;;;;
SCAN_PERIPH_ITF_CMD;1;C:\DEV\15986_PORTALP_RS_installer_app\android\portalpcomlibrary\src\main\java\com\portalp\com_library\ble\enums\Command.java;;;;;
BIND_ITF_ACK;1;C:\DEV\15986_PORTALP_RS_installer_app\android\portalpcomlibrary\src\main\java\com\portalp\com_library\ble\enums\Command.java;;;;;
BIND_ITF_CMD;1;C:\DEV\15986_PORTALP_RS_installer_app\android\portalpcomlibrary\src\main\java\com\portalp\com_library\ble\enums\Command.java;;;;;
SLEEP_ITF_ACK;1;C:\DEV\15986_PORTALP_RS_installer_app\android\portalpcomlibrary\src\main\java\com\portalp\com_library\ble\enums\Command.java;;;;;
SLEEP_ITF_CMD;1;C:\DEV\15986_PORTALP_RS_installer_app\android\portalpcomlibrary\src\main\java\com\portalp\com_library\ble\enums\Command.java;;;;;
RESET_ITF_CMD;1;C:\DEV\15986_PORTALP_RS_installer_app\android\portalpcomlibrary\src\main\java\com\portalp\com_library\ble\enums\Command.java;;;;;
UPDT_ITF_START_ACK;1;C:\DEV\15986_PORTALP_RS_installer_app\android\portalpcomlibrary\src\main\java\com\portalp\com_library\ble\enums\Command.java;;;;;
UPDT_ITF_START_CMD;1;C:\DEV\15986_PORTALP_RS_installer_app\android\portalpcomlibrary\src\main\java\com\portalp\com_library\ble\enums\Command.java;;;;;
UPDT_ITF_DATA_ACK;1;C:\DEV\15986_PORTALP_RS_installer_app\android\portalpcomlibrary\src\main\java\com\portalp\com_library\ble\enums\Command.java;;;;;
UPDT_ITF_DATA_CMD;1;C:\DEV\15986_PORTALP_RS_installer_app\android\portalpcomlibrary\src\main\java\com\portalp\com_library\ble\enums\Command.java;;;;;
UPDT_ITF_CHECK_ACK;1;C:\DEV\15986_PORTALP_RS_installer_app\android\portalpcomlibrary\src\main\java\com\portalp\com_library\ble\enums\Command.java;;;;;
UPDT_ITF_CHECK_CMD;1;C:\DEV\15986_PORTALP_RS_installer_app\android\portalpcomlibrary\src\main\java\com\portalp\com_library\ble\enums\Command.java;;;;;
ITF_ACK;1;C:\DEV\15986_PORTALP_RS_installer_app\android\portalpcomlibrary\src\main\java\com\portalp\com_library\ble\enums\Command.java;;;;;
LABEL_ITF_CMD;1;C:\DEV\15986_PORTALP_RS_installer_app\android\portalpcomlibrary\src\main\java\com\portalp\com_library\ble\enums\Command.java;;;;;
START_ITF_CMD;1;C:\DEV\15986_PORTALP_RS_installer_app\android\portalpcomlibrary\src\main\java\com\portalp\com_library\ble\enums\Command.java;;;;;
DBG_MSG_CNT;1;C:\DEV\15986_PORTALP_RS_installer_app\android\portalpcomlibrary\src\main\java\com\portalp\com_library\ble\enums\Command.java;;;;;
ENCAP_HUB_MSG_CNT;1;C:\DEV\15986_PORTALP_RS_installer_app\android\portalpcomlibrary\src\main\java\com\portalp\com_library\ble\enums\Command.java;;;;;
MSG_DEF_HIST;1;C:\DEV\15986_PORTALP_RS_installer_app\android\portalpcomlibrary\src\main\java\com\portalp\com_library\ble\enums\Command.java;;;;;
MSG_EVT_HIST;1;C:\DEV\15986_PORTALP_RS_installer_app\android\portalpcomlibrary\src\main\java\com\portalp\com_library\ble\enums\Command.java;;;;;
MSG_DBG_HIST;1;C:\DEV\15986_PORTALP_RS_installer_app\android\portalpcomlibrary\src\main\java\com\portalp\com_library\ble\enums\Command.java;;;;;
LED_CTRL_CMD;1;C:\DEV\15986_PORTALP_RS_installer_app\android\portalpcomlibrary\src\main\java\com\portalp\com_library\ble\enums\Command.java;;;;;
UPDT_BOOT_START_ACK;1;C:\DEV\15986_PORTALP_RS_installer_app\android\portalpcomlibrary\src\main\java\com\portalp\com_library\ble\enums\Command.java;;;;;
UPDT_BOOT_START_CMD;1;C:\DEV\15986_PORTALP_RS_installer_app\android\portalpcomlibrary\src\main\java\com\portalp\com_library\ble\enums\Command.java;;;;;
UPDT_BOOT_DATA_ACK;1;C:\DEV\15986_PORTALP_RS_installer_app\android\portalpcomlibrary\src\main\java\com\portalp\com_library\ble\enums\Command.java;;;;;
UPDT_BOOT_DATA_CMD;1;C:\DEV\15986_PORTALP_RS_installer_app\android\portalpcomlibrary\src\main\java\com\portalp\com_library\ble\enums\Command.java;;;;;
UPDT_BOOT_CHECK_ACK;1;C:\DEV\15986_PORTALP_RS_installer_app\android\portalpcomlibrary\src\main\java\com\portalp\com_library\ble\enums\Command.java;;;;;
UPDT_BOOT_CHECK_CMD;1;C:\DEV\15986_PORTALP_RS_installer_app\android\portalpcomlibrary\src\main\java\com\portalp\com_library\ble\enums\Command.java;;;;;
BOOT_ACK;1;C:\DEV\15986_PORTALP_RS_installer_app\android\portalpcomlibrary\src\main\java\com\portalp\com_library\ble\enums\Command.java;;;;;
EXIT_BOOT_CMD;1;C:\DEV\15986_PORTALP_RS_installer_app\android\portalpcomlibrary\src\main\java\com\portalp\com_library\ble\enums\Command.java;;;;;
